rank,C,class_weight,acuracia_treino_media,acuracia_validacao_media,desvio_padrao_validacao,gap_treino_validacao
1,0.5,balanced,0.642090817291793,0.4624730751419606,0.008286553185650915,0.17961774214983234
2,0.5,,0.6402161197941361,0.46117894846325863,0.008089459110469854,0.17903717133087743
3,0.2,balanced,0.5801369143596075,0.45998422521538646,0.00743392527794014,0.120152689144221
4,1.0,balanced,0.6934766654366304,0.459088801884059,0.009329084144202459,0.23438786355257146
5,1.0,,0.6925641835892177,0.4576949250759642,0.009088843251561958,0.23486925851325346
6,0.2,,0.577111960351096,0.45669935538831474,0.007088686869374809,0.12041260496278128
7,0.1,balanced,0.5408398989009635,0.4559032859594511,0.007827656655030098,0.08493661294151239
8,0.1,,0.5381688583746211,0.4538621972269068,0.00721800836204165,0.08430666114771435
9,0.05,balanced,0.5079467486755009,0.44793952091211436,0.007408421105158365,0.06000722776338657
10,0.05,,0.5046618805127114,0.4454508443348216,0.005588561353341785,0.05921103617788981
